,0
,0
,0
,0
,0
,0
https://www.youtube-nocookie.com/embed/3t3NTXGXyPA?modestbranding=1&rel=0&showinfo=0&controls=0,1
https://www.youtube-nocookie.com/embed/v7K4vGYL9zI?modestbranding=1&rel=0&showinfo=0&controls=0,1
https://www.youtube-nocookie.com/embed/l75z7FrYRXI?modestbranding=1&rel=0&showinfo=0&controls=0,1
https://www.youtube-nocookie.com/embed/ipCCl3jvZC0?modestbranding=1&rel=0&showinfo=0&controls=0,1
,1
,1
https://www.youtube-nocookie.com/embed/WuMWwPHTSoY?modestbranding=1&rel=0&showinfo=0&controls=0,2
https://www.youtube-nocookie.com/embed/pUta3fL7oCw?modestbranding=1&rel=0&showinfo=0&controls=0,2
https://www.youtube-nocookie.com/embed/5Eqb_-j3FDA?modestbranding=1&rel=0&showinfo=0&controls=0,2
https://www.youtube-nocookie.com/embed/5Eqb_-j3FDA?modestbranding=1&rel=0&showinfo=0&controls=0,2
https://www.youtube-nocookie.com/embed/lBACSadCKaQ?modestbranding=1&rel=0&showinfo=0&controls=0,2
https://www.youtube-nocookie.com/embed/YaEG2aWJnZ8?modestbranding=1&rel=0&showinfo=0&controls=0,2
,4
,4
,4
,4
,4
,4
https://www.youtube-nocookie.com/embed/9iIX4PBplAY?modestbranding=1&rel=0&showinfo=0&controls=0,3
https://www.youtube-nocookie.com/embed/ooOak5FVkpM?modestbranding=1&rel=0&showinfo=0&controls=0,3
https://www.youtube-nocookie.com/embed/abiL84EAWSY?modestbranding=1&rel=0&showinfo=0&controls=0,3
https://www.youtube-nocookie.com/embed/jFGKJBPFdUA?modestbranding=1&rel=0&showinfo=0&controls=0,3
https://www.youtube-nocookie.com/embed/1Lpgs5aNMR0?modestbranding=1&rel=0&showinfo=0&controls=0,3
https://www.youtube-nocookie.com/embed/MaHer8x2yo4?modestbranding=1&rel=0&showinfo=0&controls=0,3
,5
,5
,5
,5
,5
,5